{
  "schema": "avrxpu-run/1",
  "run_id": "cat1-11-ekf-i11-30c66b67-1781455351",
  "workload": {
    "id": "11-ekf",
    "category": "cat1-estimation-control",
    "kernel": "EKF covariance predict (states 0..12), 24x24 fp32"
  },
  "kind": "measurement",
  "created_utc": "2026-06-14T16:42:31Z",
  "unixtime": 1781455351,
  "platform": {
    "runner": "navrobotec",
    "gem5_git": "adac491a9e"
  },
  "build": {
    "mcu": "atmega1284p",
    "toolchain": "avr-gcc 7.3.0",
    "cflags": "-O1 -ffp-contract=off -fno-fast-math",
    "iters": 11,
    "trace": false,
    "elf": "ekf_avr_i11.elf",
    "elf_sha256": "30c66b670cff52a67015daa02affff049c5867b12ff0e85f143c3fd28366c15f",
    "elf_archived": "cat1-estimation-control/11-ekf/elf/30c66b670cff.elf"
  },
  "validation": {
    "host_crc": "d82a441d",
    "gem5_crc": "d82a441d",
    "checkpoints": 0,
    "match": true
  },
  "exit": {
    "cause": "AVR Syscall Exit",
    "ok": true
  },
  "metrics": {
    "simInsts": 2760178,
    "simOps": 2760178,
    "numCycles": 3785577,
    "cpi": 1.371497,
    "ipc": 0.72913,
    "mem_insts": 151653,
    "bytes_moved": 151653,
    "compute_insts": 2608525,
    "insts_per_byte": 17.201
  },
  "opmix": {
    "available": true,
    "total": 2760178,
    "classes": {
      "adc": 342821,
      "brbs": 254531,
      "add": 246612,
      "ror_inst": 181751,
      "brbc": 172847,
      "cpc": 133804,
      "eor": 131738,
      "movw": 114188,
      "sbci": 105669,
      "ldd_y": 90216,
      "mul": 90187,
      "mov": 89841,
      "cpi": 79520,
      "ret": 79061,
      "call": 77406,
      "subi": 72603,
      "inc": 53092,
      "cp": 52590,
      "lsr": 39923,
      "sbc": 39636,
      "jmp": 28334,
      "bst": 26772,
      "sbrc": 26150,
      "sub": 21780,
      "ldi": 21546,
      "and": 18131,
      "or": 16835,
      "std_y": 15558,
      "dec": 15393,
      "andi": 14568,
      "com": 13837,
      "bld": 13692,
      "rjmp": 12892,
      "st_x_postinc": 12286,
      "ld_x_postinc": 12056,
      "ldd_z": 8456,
      "adiw": 7967,
      "sbiw": 7107,
      "std_z": 6336,
      "neg": 2912,
      "ld_x": 2684,
      "st_z_postinc": 2304,
      "rcall": 1656,
      "sbrs": 841,
      "ld_z_postinc": 737,
      "st_x": 418,
      "push": 244,
      "pop": 242,
      "bclr": 163,
      "elpm_z_postinc": 116,
      "out_instr": 73,
      "in_instr": 47,
      "cpse": 9
    }
  },
  "opmix_cycles": {
    "available": true,
    "total": 3785558,
    "classes": {
      "adc": 342821,
      "brbs": 325851,
      "ret": 316244,
      "brbc": 310140,
      "call": 309624,
      "add": 246612,
      "ror_inst": 181751,
      "ldd_y": 180432,
      "mul": 180374,
      "cpc": 133804,
      "eor": 131738,
      "movw": 114188,
      "sbci": 105669,
      "mov": 89841,
      "jmp": 85002,
      "cpi": 79520,
      "subi": 72603,
      "inc": 53092,
      "cp": 52590,
      "sbrc": 43498,
      "lsr": 39923,
      "sbc": 39636,
      "std_y": 31116,
      "bst": 26772,
      "rjmp": 25784,
      "st_x_postinc": 24572,
      "ld_x_postinc": 24112,
      "sub": 21780,
      "ldi": 21546,
      "and": 18131,
      "ldd_z": 16912,
      "or": 16835,
      "adiw": 15934,
      "dec": 15393,
      "andi": 14568,
      "sbiw": 14214,
      "com": 13837,
      "bld": 13692,
      "std_z": 12672,
      "ld_x": 5368,
      "rcall": 4968,
      "st_z_postinc": 4608,
      "neg": 2912,
      "ld_z_postinc": 1474,
      "sbrs": 1187,
      "st_x": 836,
      "push": 488,
      "pop": 484,
      "bclr": 163,
      "elpm_z_postinc": 116,
      "out_instr": 73,
      "in_instr": 47,
      "cpse": 11
    }
  },
  "funcmix": {
    "available": true,
    "total": 2760178,
    "classes": {
      "__addsf3x": 613844,
      "__mulsf3_pse": 586807,
      "__fp_splitA": 231031,
      "__fp_round": 223464,
      "__stack": 205667,
      "__divsf3_pse": 203672,
      "__fp_split3": 174554,
      "main": 146373,
      "__EEPROM_REGION_LENGTH__": 62909,
      "__floatsisf": 52260,
      "__addsf3": 50572,
      "__udivmodhi4_loop": 45952,
      "__udivmodhi4_ep": 40296,
      "__mulsf3": 29996,
      "__mulsf3x": 23702,
      "__fp_szero": 19722,
      "ekf_predict": 15862,
      ".do_clear_bss_start": 13828,
      ".do_clear_bss_loop": 4608,
      "__subsf3": 4158,
      "_div": 3864,
      "__udivmodhi4": 2208,
      "__DATA_REGION_LENGTH__": 1298,
      "__divsf3x": 1104,
      "__divsf3": 1104,
      "__do_copy_data": 591,
      "__divmodhi4_exit": 552,
      "__fp_zero": 140,
      "__USER_SIGNATURE_REGION_LENGTH__": 29,
      "__ctors_end": 6,
      "__do_clear_bss": 4,
      "__heap_end": 1
    }
  },
  "funcmix_cycles": {
    "available": true,
    "total": 3785558,
    "classes": {
      "__addsf3x": 765046,
      "__mulsf3_pse": 727376,
      "__stack": 360668,
      "__fp_round": 348694,
      "__fp_splitA": 315446,
      "__divsf3_pse": 233106,
      "__fp_split3": 195583,
      "main": 180771,
      "__addsf3": 113787,
      "__EEPROM_REGION_LENGTH__": 108878,
      "__mulsf3": 95545,
      "__floatsisf": 65111,
      "__mulsf3x": 59255,
      "__udivmodhi4_loop": 53888,
      "__udivmodhi4_ep": 50784,
      "__fp_szero": 29583,
      "ekf_predict": 27753,
      ".do_clear_bss_start": 18439,
      ".do_clear_bss_loop": 9216,
      "_div": 7728,
      "__subsf3": 4158,
      "__divsf3": 3864,
      "__divsf3x": 2760,
      "__udivmodhi4": 2760,
      "__divmodhi4_exit": 2208,
      "__DATA_REGION_LENGTH__": 2134,
      "__do_copy_data": 824,
      "__fp_zero": 140,
      "__USER_SIGNATURE_REGION_LENGTH__": 39,
      "__ctors_end": 6,
      "__do_clear_bss": 5,
      "__heap_end": 3
    }
  },
  "funccalls": {
    "available": true,
    "total": 175498,
    "classes": {
      "__fp_round": 25046,
      "__fp_split3": 25046,
      "__fp_splitA": 25046,
      "__addsf3x": 12643,
      "__addsf3": 12643,
      "__mulsf3x": 11851,
      "__mulsf3_pse": 11851,
      "__mulsf3": 11851,
      "__udivmodhi4_ep": 9384,
      "__udivmodhi4_loop": 8832,
      ".do_clear_bss_start": 4609,
      ".do_clear_bss_loop": 4608,
      "__subsf3": 4158,
      "__fp_szero": 3287,
      "__floatsisf": 1152,
      "__divsf3_pse": 552,
      "__udivmodhi4": 552,
      "__divsf3": 552,
      "__divsf3x": 552,
      "_div": 552,
      "__divmodhi4_exit": 552,
      "__fp_zero": 140,
      "ekf_predict": 11,
      "__DATA_REGION_LENGTH__": 11,
      "__EEPROM_REGION_LENGTH__": 11,
      "__heap_end": 1,
      "__do_copy_data": 1,
      "__ctors_end": 1,
      "__do_clear_bss": 1,
      "main": 1,
      "__USER_SIGNATURE_REGION_LENGTH__": 1
    }
  },
  "runtime_cost": {
    "available": true,
    "total_cycles": 3785558,
    "by_function": {
      "__addsf3x": {
        "cost_cycles": 765046,
        "calls": 12643,
        "cyc_per_call": 60.51
      },
      "__mulsf3_pse": {
        "cost_cycles": 727376,
        "calls": 11851,
        "cyc_per_call": 61.38
      },
      "__stack": {
        "cost_cycles": 360668,
        "calls": 0,
        "cyc_per_call": null
      },
      "__fp_round": {
        "cost_cycles": 348694,
        "calls": 25046,
        "cyc_per_call": 13.92
      },
      "__fp_splitA": {
        "cost_cycles": 315446,
        "calls": 25046,
        "cyc_per_call": 12.59
      },
      "__divsf3_pse": {
        "cost_cycles": 233106,
        "calls": 552,
        "cyc_per_call": 422.29
      },
      "__fp_split3": {
        "cost_cycles": 195583,
        "calls": 25046,
        "cyc_per_call": 7.81
      },
      "main": {
        "cost_cycles": 180771,
        "calls": 1,
        "cyc_per_call": 180771.0
      },
      "__addsf3": {
        "cost_cycles": 113787,
        "calls": 12643,
        "cyc_per_call": 9.0
      },
      "__EEPROM_REGION_LENGTH__": {
        "cost_cycles": 108878,
        "calls": 11,
        "cyc_per_call": 9898.0
      },
      "__mulsf3": {
        "cost_cycles": 95545,
        "calls": 11851,
        "cyc_per_call": 8.06
      },