{
  "schema": "avrxpu-run/1",
  "run_id": "cat1-11-ekf-i11-30c66b67-1781452321",
  "workload": {
    "id": "11-ekf",
    "category": "cat1-estimation-control",
    "kernel": "EKF covariance predict (states 0..12), 24x24 fp32"
  },
  "kind": "measurement",
  "created_utc": "2026-06-14T15:52:01Z",
  "unixtime": 1781452321,
  "platform": {
    "runner": "navrobotec",
    "gem5_git": "c560d40515",
    "gem5_dirty": false
  },
  "build": {
    "mcu": "atmega1284p",
    "toolchain": "avr-gcc 7.3.0",
    "cflags": "-O1 -ffp-contract=off -fno-fast-math",
    "iters": 11,
    "trace": false,
    "elf": "ekf_avr_i11.elf",
    "elf_sha256": "30c66b670cff52a67015daa02affff049c5867b12ff0e85f143c3fd28366c15f",
    "elf_archived": "cat1-estimation-control/11-ekf/elf/30c66b670cff.elf"
  },
  "validation": {
    "host_crc": "d82a441d",
    "gem5_crc": "d82a441d",
    "checkpoints": 0,
    "match": true
  },
  "exit": {
    "cause": "AVR Syscall Exit",
    "ok": true
  },
  "metrics": {
    "simInsts": 2760178,
    "simOps": 2760178,
    "numCycles": 3785577,
    "cpi": 1.371497,
    "ipc": 0.72913,
    "numIntInsts": 1656263
  },
  "opmix": {
    "available": true,
    "total": 2760178,
    "classes": {
      "adc": 342821,
      "brbs": 254531,
      "add": 246612,
      "ror_inst": 181751,
      "brbc": 172847,
      "cpc": 133804,
      "eor": 131738,
      "movw": 114188,
      "sbci": 105669,
      "ldd_y": 90216,
      "mul": 90187,
      "mov": 89841,
      "cpi": 79520,
      "ret": 79061,
      "call": 77406,
      "subi": 72603,
      "inc": 53092,
      "cp": 52590,
      "lsr": 39923,
      "sbc": 39636,
      "jmp": 28334,
      "bst": 26772,
      "sbrc": 26150,
      "sub": 21780,
      "ldi": 21546,
      "and": 18131,
      "or": 16835,
      "std_y": 15558,
      "dec": 15393,
      "andi": 14568,
      "com": 13837,
      "bld": 13692,
      "rjmp": 12892,
      "st_x_postinc": 12286,
      "ld_x_postinc": 12056,
      "ldd_z": 8456,
      "adiw": 7967,
      "sbiw": 7107,
      "std_z": 6336,
      "neg": 2912,
      "ld_x": 2684,
      "st_z_postinc": 2304,
      "rcall": 1656,
      "sbrs": 841,
      "ld_z_postinc": 737,
      "st_x": 418,
      "push": 244,
      "pop": 242,
      "bclr": 163,
      "elpm_z_postinc": 116,
      "out_instr": 73,
      "in_instr": 47,
      "cpse": 9
    }
  },
  "raw": {
    "stats": "cat1-11-ekf-i11-30c66b67-1781452321.stats.txt",
    "opmix": "cat1-11-ekf-i11-30c66b67-1781452321.opmix.txt",
    "svg": "cat1-11-ekf-i11-30c66b67-1781452321.svg",
    "trace_cmp": "gem5_crc==host_crc (non-trace run)"
  },
  "note": "EKF predict x11 + startup; fp32 softfloat; CRC-validated vs host"
}
